run_accession,experiment,biosample,bioproject,collection_date,site_or_sample,strategy,platform,gbases
SRR35987630,SRX31036840,SAMN53135048,PRJNA1247874,2025-09-21,"Influent wastewater from Chicago (CHI-B), IL",RNA-Seq,Illumina NovaSeq X,274.99
SRR35987637,SRX31036963,SAMN53135038,PRJNA1247874,2025-09-21,"Influent wastewater from Chicago (CHI-A), IL",RNA-Seq,Illumina NovaSeq X,358.21
SRR35987664,SRX31036937,SAMN53135048,PRJNA1247874,2025-09-21,"Influent wastewater from Chicago (CHI-B), IL",RNA-Seq,Illumina NovaSeq X,0.0
SRR37428182,SRX32338936,SAMN56287658,PRJNA1247874,2025-09-21,"Influent wastewater from Chicago (CHI-D2), IL",RNA-Seq,Illumina NovaSeq X,400.68
SRR37428214,SRX32338904,SAMN56287632,PRJNA1247874,2025-09-21,"Influent wastewater from Chicago (CHI-D1), IL",RNA-Seq,Illumina NovaSeq X,0.0
SRR37428215,SRX32338903,SAMN56287632,PRJNA1247874,2025-09-21,"Influent wastewater from Chicago (CHI-D1), IL",RNA-Seq,Illumina NovaSeq X,239.75
SRR35987626,SRX31036846,SAMN53135059,PRJNA1247874,2025-09-22,"Wastewater (airport sewer manhole) from Chicago (CHI-C), IL",RNA-Seq,Illumina NovaSeq X,406.33
SRR35987607,SRX31036965,SAMN53135039,PRJNA1247874,2025-09-28,"Influent wastewater from Chicago (CHI-A), IL",RNA-Seq,Illumina NovaSeq X,255.16
SRR35987629,SRX31036841,SAMN53135049,PRJNA1247874,2025-09-28,"Influent wastewater from Chicago (CHI-B), IL",RNA-Seq,Illumina NovaSeq X,263.28
SRR37428189,SRX32338929,SAMN56287659,PRJNA1247874,2025-09-28,"Influent wastewater from Chicago (CHI-D2), IL",RNA-Seq,Illumina NovaSeq X,327.68
SRR37428217,SRX32338901,SAMN56287633,PRJNA1247874,2025-09-28,"Influent wastewater from Chicago (CHI-D1), IL",RNA-Seq,Illumina NovaSeq X,279.22
SRR35987627,SRX31036844,SAMN53135060,PRJNA1247874,2025-09-29,"Wastewater (airport sewer manhole) from Chicago (CHI-C), IL",RNA-Seq,Illumina NovaSeq X,261.34
SRR35987628,SRX31036842,SAMN53135050,PRJNA1247874,2025-10-05,"Influent wastewater from Chicago (CHI-B), IL",RNA-Seq,Illumina NovaSeq X,265.66
SRR35987663,SRX31036938,SAMN53135040,PRJNA1247874,2025-10-05,"Influent wastewater from Chicago (CHI-A), IL",RNA-Seq,Illumina NovaSeq X,168.55
SRR37428188,SRX32338930,SAMN56287660,PRJNA1247874,2025-10-05,"Influent wastewater from Chicago (CHI-D2), IL",RNA-Seq,Illumina NovaSeq X,189.28
SRR37428216,SRX32338902,SAMN56287634,PRJNA1247874,2025-10-05,"Influent wastewater from Chicago (CHI-D1), IL",RNA-Seq,Illumina NovaSeq X,281.11
SRR35987618,SRX31036858,SAMN53135061,PRJNA1247874,2025-10-06,"Wastewater (airport sewer manhole) from Chicago (CHI-C), IL",RNA-Seq,Illumina NovaSeq X,350.69
SRR35987593,SRX31036885,SAMN53135051,PRJNA1247874,2025-10-12,"Influent wastewater from Chicago (CHI-B), IL",RNA-Seq,Illumina NovaSeq X,384.61
SRR35987617,SRX31036860,SAMN53135075,PRJNA1247874,2025-10-12,"Influent wastewater from Chicago (CHI-D2), IL",RNA-Seq,Illumina NovaSeq X,404.48
SRR35987620,SRX31036857,SAMN53135074,PRJNA1247874,2025-10-12,"Influent wastewater from Chicago (CHI-D1), IL",RNA-Seq,Illumina NovaSeq X,413.96
SRR35987662,SRX31036939,SAMN53135041,PRJNA1247874,2025-10-12,"Influent wastewater from Chicago (CHI-A), IL",RNA-Seq,Illumina NovaSeq X,385.35
SRR35987621,SRX31036855,SAMN53135062,PRJNA1247874,2025-10-13,"Wastewater (airport sewer manhole) from Chicago (CHI-C), IL",RNA-Seq,Illumina NovaSeq X,388.65
SRR35987590,SRX31036887,SAMN53135077,PRJNA1247874,2025-10-19,"Influent wastewater from Chicago (CHI-D2), IL",RNA-Seq,Illumina NovaSeq X,370.14
SRR35987594,SRX31036884,SAMN53135052,PRJNA1247874,2025-10-19,"Influent wastewater from Chicago (CHI-B), IL",RNA-Seq,Illumina NovaSeq X,420.32
SRR35987616,SRX31036861,SAMN53135076,PRJNA1247874,2025-10-19,"Influent wastewater from Chicago (CHI-D1), IL",RNA-Seq,Illumina NovaSeq X,377.21
SRR35987661,SRX31036940,SAMN53135042,PRJNA1247874,2025-10-19,"Influent wastewater from Chicago (CHI-A), IL",RNA-Seq,Illumina NovaSeq X,421.47
SRR35987622,SRX31036854,SAMN53135063,PRJNA1247874,2025-10-20,"Wastewater (airport sewer manhole) from Chicago (CHI-C), IL",RNA-Seq,Illumina NovaSeq X,385.7
SRR36832675,SRX31810961,SAMN54610784,PRJNA1247874,2025-10-26,"Influent wastewater from Chicago (CHI-B), IL",RNA-Seq,Illumina NovaSeq X,235.07
SRR36832679,SRX31810957,SAMN54610802,PRJNA1247874,2025-10-26,"Influent wastewater from Chicago (CHI-D2), IL",RNA-Seq,Illumina NovaSeq X,446.52
SRR36832689,SRX31810947,SAMN54610796,PRJNA1247874,2025-10-26,"Influent wastewater from Chicago (CHI-D1), IL",RNA-Seq,Illumina NovaSeq X,402.1
SRR36832699,SRX31810937,SAMN54610778,PRJNA1247874,2025-10-26,"Influent wastewater from Chicago (CHI-A), IL",RNA-Seq,Illumina NovaSeq X,448.36
SRR36832695,SRX31810941,SAMN54610790,PRJNA1247874,2025-10-27,"Wastewater (airport sewer manhole) from Chicago (CHI-C), IL",RNA-Seq,Illumina NovaSeq X,487.92
SRR36832676,SRX31810960,SAMN54610785,PRJNA1247874,2025-11-02,"Influent wastewater from Chicago (CHI-B), IL",RNA-Seq,Illumina NovaSeq X,234.53
SRR36832682,SRX31810954,SAMN54610803,PRJNA1247874,2025-11-02,"Influent wastewater from Chicago (CHI-D2), IL",RNA-Seq,Illumina NovaSeq X,308.24
SRR36832688,SRX31810948,SAMN54610797,PRJNA1247874,2025-11-02,"Influent wastewater from Chicago (CHI-D1), IL",RNA-Seq,Illumina NovaSeq X,340.15
SRR36832698,SRX31810938,SAMN54610779,PRJNA1247874,2025-11-02,"Influent wastewater from Chicago (CHI-A), IL",RNA-Seq,Illumina NovaSeq X,282.36
SRR36832694,SRX31810942,SAMN54610791,PRJNA1247874,2025-11-03,"Wastewater (airport sewer manhole) from Chicago (CHI-C), IL",RNA-Seq,Illumina NovaSeq X,455.09
SRR36832677,SRX31810959,SAMN54610786,PRJNA1247874,2025-11-09,"Influent wastewater from Chicago (CHI-B), IL",RNA-Seq,Illumina NovaSeq X,334.79
SRR36832683,SRX31810953,SAMN54610804,PRJNA1247874,2025-11-09,"Influent wastewater from Chicago (CHI-D2), IL",RNA-Seq,Illumina NovaSeq X,354.29
SRR36832686,SRX31810950,SAMN54610780,PRJNA1247874,2025-11-09,"Influent wastewater from Chicago (CHI-A), IL",RNA-Seq,Illumina NovaSeq X,345.19
SRR36832687,SRX31810949,SAMN54610798,PRJNA1247874,2025-11-09,"Influent wastewater from Chicago (CHI-D1), IL",RNA-Seq,Illumina NovaSeq X,335.62
SRR36832693,SRX31810943,SAMN54610792,PRJNA1247874,2025-11-10,"Wastewater (airport sewer manhole) from Chicago (CHI-C), IL",RNA-Seq,Illumina NovaSeq X,383.65
SRR36832672,SRX31810964,SAMN54610781,PRJNA1247874,2025-11-16,"Influent wastewater from Chicago (CHI-A), IL",RNA-Seq,Illumina NovaSeq X,406.56
SRR36832678,SRX31810958,SAMN54610787,PRJNA1247874,2025-11-16,"Influent wastewater from Chicago (CHI-B), IL",RNA-Seq,Illumina NovaSeq X,372.84
SRR36832684,SRX31810952,SAMN54610805,PRJNA1247874,2025-11-16,"Influent wastewater from Chicago (CHI-D2), IL",RNA-Seq,Illumina NovaSeq X,373.84
SRR36832685,SRX31810951,SAMN54610799,PRJNA1247874,2025-11-16,"Influent wastewater from Chicago (CHI-D1), IL",RNA-Seq,Illumina NovaSeq X,441.72
SRR36832691,SRX31810945,SAMN54610793,PRJNA1247874,2025-11-17,"Wastewater (airport sewer manhole) from Chicago (CHI-C), IL",RNA-Seq,Illumina NovaSeq X,268.78
SRR36832670,SRX31810966,SAMN54610806,PRJNA1247874,2025-11-23,"Influent wastewater from Chicago (CHI-D2), IL",RNA-Seq,Illumina NovaSeq X,176.48
SRR36832673,SRX31810963,SAMN54610782,PRJNA1247874,2025-11-23,"Influent wastewater from Chicago (CHI-A), IL",RNA-Seq,Illumina NovaSeq X,206.63
SRR36832681,SRX31810955,SAMN54610800,PRJNA1247874,2025-11-23,"Influent wastewater from Chicago (CHI-D1), IL",RNA-Seq,Illumina NovaSeq X,235.25
SRR36832696,SRX31810940,SAMN54610788,PRJNA1247874,2025-11-23,"Influent wastewater from Chicago (CHI-B), IL",RNA-Seq,Illumina NovaSeq X,165.66
SRR36832692,SRX31810944,SAMN54610794,PRJNA1247874,2025-11-24,"Wastewater (airport sewer manhole) from Chicago (CHI-C), IL",RNA-Seq,Illumina NovaSeq X,206.83
SRR36832671,SRX31810965,SAMN54610807,PRJNA1247874,2025-11-30,"Influent wastewater from Chicago (CHI-D2), IL",RNA-Seq,Illumina NovaSeq X,200.08
SRR36832674,SRX31810962,SAMN54610783,PRJNA1247874,2025-11-30,"Influent wastewater from Chicago (CHI-A), IL",RNA-Seq,Illumina NovaSeq X,225.98
SRR36832680,SRX31810956,SAMN54610801,PRJNA1247874,2025-11-30,"Influent wastewater from Chicago (CHI-D1), IL",RNA-Seq,Illumina NovaSeq X,213.47
SRR36832697,SRX31810939,SAMN54610789,PRJNA1247874,2025-11-30,"Influent wastewater from Chicago (CHI-B), IL",RNA-Seq,Illumina NovaSeq X,208.39
SRR36832690,SRX31810946,SAMN54610795,PRJNA1247874,2025-12-01,"Wastewater (airport sewer manhole) from Chicago (CHI-C), IL",RNA-Seq,Illumina NovaSeq X,236.5
SRR37089574,SRX32035966,SAMN55038714,PRJNA1247874,2025-12-07,"Influent wastewater from Chicago (CHI-B), IL",RNA-Seq,Illumina NovaSeq X,330.53
SRR37089580,SRX32035960,SAMN55038729,PRJNA1247874,2025-12-07,"Influent wastewater from Chicago (CHI-D2), IL",RNA-Seq,Illumina NovaSeq X,340.4
SRR37089587,SRX32035953,SAMN55038724,PRJNA1247874,2025-12-07,"Influent wastewater from Chicago (CHI-D1), IL",RNA-Seq,Illumina NovaSeq X,292.33
SRR37089594,SRX32035946,SAMN55038709,PRJNA1247874,2025-12-07,"Influent wastewater from Chicago (CHI-A), IL",RNA-Seq,Illumina NovaSeq X,296.18
SRR37089592,SRX32035948,SAMN55038719,PRJNA1247874,2025-12-08,"Wastewater (airport sewer manhole) from Chicago (CHI-C), IL",RNA-Seq,Illumina NovaSeq X,368.81
SRR37089575,SRX32035965,SAMN55038715,PRJNA1247874,2025-12-14,"Influent wastewater from Chicago (CHI-B), IL",RNA-Seq,Illumina NovaSeq X,255.68
SRR37089581,SRX32035959,SAMN55038730,PRJNA1247874,2025-12-14,"Influent wastewater from Chicago (CHI-D2), IL",RNA-Seq,Illumina NovaSeq X,249.16
SRR37089586,SRX32035954,SAMN55038725,PRJNA1247874,2025-12-14,"Influent wastewater from Chicago (CHI-D1), IL",RNA-Seq,Illumina NovaSeq X,294.62
SRR37089593,SRX32035947,SAMN55038710,PRJNA1247874,2025-12-14,"Influent wastewater from Chicago (CHI-A), IL",RNA-Seq,Illumina NovaSeq X,284.87
SRR37089591,SRX32035949,SAMN55038720,PRJNA1247874,2025-12-15,"Wastewater (airport sewer manhole) from Chicago (CHI-C), IL",RNA-Seq,Illumina NovaSeq X,342.85
SRR37089576,SRX32035964,SAMN55038716,PRJNA1247874,2025-12-21,"Influent wastewater from Chicago (CHI-B), IL",RNA-Seq,Illumina NovaSeq X,316.28
SRR37089578,SRX32035962,SAMN55038711,PRJNA1247874,2025-12-21,"Influent wastewater from Chicago (CHI-A), IL",RNA-Seq,Illumina NovaSeq X,287.82
SRR37089582,SRX32035958,SAMN55038731,PRJNA1247874,2025-12-21,"Influent wastewater from Chicago (CHI-D2), IL",RNA-Seq,Illumina NovaSeq X,213.91
SRR37089585,SRX32035955,SAMN55038726,PRJNA1247874,2025-12-21,"Influent wastewater from Chicago (CHI-D1), IL",RNA-Seq,Illumina NovaSeq X,351.78
SRR37089590,SRX32035950,SAMN55038721,PRJNA1247874,2025-12-22,"Wastewater (airport sewer manhole) from Chicago (CHI-C), IL",RNA-Seq,Illumina NovaSeq X,258.52
SRR37089570,SRX32035970,SAMN55038732,PRJNA1247874,2025-12-28,"Influent wastewater from Chicago (CHI-D2), IL",RNA-Seq,Illumina NovaSeq X,216.77
SRR37089572,SRX32035968,SAMN55038712,PRJNA1247874,2025-12-28,"Influent wastewater from Chicago (CHI-A), IL",RNA-Seq,Illumina NovaSeq X,193.39
SRR37089577,SRX32035963,SAMN55038717,PRJNA1247874,2025-12-28,"Influent wastewater from Chicago (CHI-B), IL",RNA-Seq,Illumina NovaSeq X,279.52
SRR37089583,SRX32035957,SAMN55038727,PRJNA1247874,2025-12-28,"Influent wastewater from Chicago (CHI-D1), IL",RNA-Seq,Illumina NovaSeq X,261.28
SRR37089588,SRX32035952,SAMN55038722,PRJNA1247874,2025-12-29,"Wastewater (airport sewer manhole) from Chicago (CHI-C), IL",RNA-Seq,Illumina NovaSeq X,292.69
SRR37089571,SRX32035969,SAMN55038733,PRJNA1247874,2026-01-04,"Influent wastewater from Chicago (CHI-D2), IL",RNA-Seq,Illumina NovaSeq X,220.83
SRR37089573,SRX32035967,SAMN55038713,PRJNA1247874,2026-01-04,"Influent wastewater from Chicago (CHI-A), IL",RNA-Seq,Illumina NovaSeq X,289.9
SRR37089579,SRX32035961,SAMN55038718,PRJNA1247874,2026-01-04,"Influent wastewater from Chicago (CHI-B), IL",RNA-Seq,Illumina NovaSeq X,320.99
SRR37089584,SRX32035956,SAMN55038728,PRJNA1247874,2026-01-04,"Influent wastewater from Chicago (CHI-D1), IL",RNA-Seq,Illumina NovaSeq X,255.54
SRR37089589,SRX32035951,SAMN55038723,PRJNA1247874,2026-01-05,"Wastewater (airport sewer manhole) from Chicago (CHI-C), IL",RNA-Seq,Illumina NovaSeq X,262.01
SRR38294664,SRX33130612,SAMN57413780,PRJNA1247874,2026-01-11,"Influent wastewater from Chicago (CHI-A), IL",RNA-Seq,Illumina NovaSeq X,178.66
SRR38294715,SRX33130562,SAMN57413816,PRJNA1247874,2026-01-11,"Influent wastewater from Chicago (CHI-D1), IL",RNA-Seq,Illumina NovaSeq X,191.55
SRR38294740,SRX33130537,SAMN57413792,PRJNA1247874,2026-01-11,"Influent wastewater from Chicago (CHI-B), IL",RNA-Seq,Illumina NovaSeq X,153.39
SRR38294769,SRX33130798,SAMN57413828,PRJNA1247874,2026-01-11,"Influent wastewater from Chicago (CHI-D2), IL",RNA-Seq,Illumina NovaSeq X,162.1
SRR38294730,SRX33130547,SAMN57413804,PRJNA1247874,2026-01-12,"Wastewater (airport sewer manhole) from Chicago (CHI-C), IL",RNA-Seq,Illumina NovaSeq X,203.51
SRR38294654,SRX33130622,SAMN57413817,PRJNA1247874,2026-01-18,"Influent wastewater from Chicago (CHI-D1), IL",RNA-Seq,Illumina NovaSeq X,228.26
SRR38294662,SRX33130614,SAMN57413781,PRJNA1247874,2026-01-18,"Influent wastewater from Chicago (CHI-A), IL",RNA-Seq,Illumina NovaSeq X,250.21
SRR38294741,SRX33130536,SAMN57413793,PRJNA1247874,2026-01-18,"Influent wastewater from Chicago (CHI-B), IL",RNA-Seq,Illumina NovaSeq X,229.01
SRR38294951,SRX33130877,SAMN57413829,PRJNA1247874,2026-01-18,"Influent wastewater from Chicago (CHI-D2), IL",RNA-Seq,Illumina NovaSeq X,236.18
SRR38294723,SRX33130554,SAMN57413805,PRJNA1247874,2026-01-19,"Wastewater (airport sewer manhole) from Chicago (CHI-C), IL",RNA-Seq,Illumina NovaSeq X,285.96
SRR38294653,SRX33130623,SAMN57413818,PRJNA1247874,2026-01-25,"Influent wastewater from Chicago (CHI-D1), IL",RNA-Seq,Illumina NovaSeq X,321.17
SRR38294742,SRX33130535,SAMN57413794,PRJNA1247874,2026-01-25,"Influent wastewater from Chicago (CHI-B), IL",RNA-Seq,Illumina NovaSeq X,357.66
SRR38294895,SRX33130931,SAMN57413782,PRJNA1247874,2026-01-25,"Influent wastewater from Chicago (CHI-A), IL",RNA-Seq,Illumina NovaSeq X,386.77
SRR38294950,SRX33130878,SAMN57413830,PRJNA1247874,2026-01-25,"Influent wastewater from Chicago (CHI-D2), IL",RNA-Seq,Illumina NovaSeq X,370.26
SRR38294722,SRX33130555,SAMN57413806,PRJNA1247874,2026-01-26,"Wastewater (airport sewer manhole) from Chicago (CHI-C), IL",RNA-Seq,Illumina NovaSeq X,371.7
SRR38294652,SRX33130624,SAMN57413819,PRJNA1247874,2026-02-01,"Influent wastewater from Chicago (CHI-D1), IL",RNA-Seq,Illumina NovaSeq X,227.52
SRR38294721,SRX33130556,SAMN57413795,PRJNA1247874,2026-02-01,"Influent wastewater from Chicago (CHI-B), IL",RNA-Seq,Illumina NovaSeq X,249.01
SRR38294768,SRX33130799,SAMN57413831,PRJNA1247874,2026-02-01,"Influent wastewater from Chicago (CHI-D2), IL",RNA-Seq,Illumina NovaSeq X,221.94
SRR38294894,SRX33130932,SAMN57413783,PRJNA1247874,2026-02-01,"Influent wastewater from Chicago (CHI-A), IL",RNA-Seq,Illumina NovaSeq X,263.34
SRR38294719,SRX33130558,SAMN57413807,PRJNA1247874,2026-02-02,"Wastewater (airport sewer manhole) from Chicago (CHI-C), IL",RNA-Seq,Illumina NovaSeq X,244.9
SRR38294650,SRX33130626,SAMN57413820,PRJNA1247874,2026-02-08,"Influent wastewater from Chicago (CHI-D1), IL",RNA-Seq,Illumina NovaSeq X,296.3
SRR38294743,SRX33130534,SAMN57413796,PRJNA1247874,2026-02-08,"Influent wastewater from Chicago (CHI-B), IL",RNA-Seq,Illumina NovaSeq X,330.13
SRR38294767,SRX33130800,SAMN57413832,PRJNA1247874,2026-02-08,"Influent wastewater from Chicago (CHI-D2), IL",RNA-Seq,Illumina NovaSeq X,279.63
SRR38294892,SRX33130934,SAMN57413784,PRJNA1247874,2026-02-08,"Influent wastewater from Chicago (CHI-A), IL",RNA-Seq,Illumina NovaSeq X,273.58
SRR38294718,SRX33130559,SAMN57413808,PRJNA1247874,2026-02-09,"Wastewater (airport sewer manhole) from Chicago (CHI-C), IL",RNA-Seq,Illumina NovaSeq X,319.69
SRR38294651,SRX33130625,SAMN57413821,PRJNA1247874,2026-02-15,"Influent wastewater from Chicago (CHI-D1), IL",RNA-Seq,Illumina NovaSeq X,229.82
SRR38294735,SRX33130542,SAMN57413785,PRJNA1247874,2026-02-15,"Influent wastewater from Chicago (CHI-A), IL",RNA-Seq,Illumina NovaSeq X,236.46
SRR38294744,SRX33130533,SAMN57413797,PRJNA1247874,2026-02-15,"Influent wastewater from Chicago (CHI-B), IL",RNA-Seq,Illumina NovaSeq X,213.36
SRR38294766,SRX33130801,SAMN57413833,PRJNA1247874,2026-02-15,"Influent wastewater from Chicago (CHI-D2), IL",RNA-Seq,Illumina NovaSeq X,237.81
SRR38294717,SRX33130560,SAMN57413809,PRJNA1247874,2026-02-16,"Wastewater (airport sewer manhole) from Chicago (CHI-C), IL",RNA-Seq,Illumina NovaSeq X,220.01
SRR38294648,SRX33130627,SAMN57413822,PRJNA1247874,2026-02-22,"Influent wastewater from Chicago (CHI-D1), IL",RNA-Seq,Illumina NovaSeq X,246.98
SRR38294724,SRX33130553,SAMN57413798,PRJNA1247874,2026-02-22,"Influent wastewater from Chicago (CHI-B), IL",RNA-Seq,Illumina NovaSeq X,214.4
SRR38294736,SRX33130541,SAMN57413786,PRJNA1247874,2026-02-22,"Influent wastewater from Chicago (CHI-A), IL",RNA-Seq,Illumina NovaSeq X,445.0
SRR38294765,SRX33130802,SAMN57413834,PRJNA1247874,2026-02-22,"Influent wastewater from Chicago (CHI-D2), IL",RNA-Seq,Illumina NovaSeq X,244.42
SRR38294661,SRX33130615,SAMN57413810,PRJNA1247874,2026-02-23,"Wastewater (airport sewer manhole) from Chicago (CHI-C), IL",RNA-Seq,Illumina NovaSeq X,226.21
SRR38294725,SRX33130552,SAMN57413799,PRJNA1247874,2026-03-01,"Influent wastewater from Chicago (CHI-B), IL",RNA-Seq,Illumina NovaSeq X,478.78
SRR38294737,SRX33130540,SAMN57413787,PRJNA1247874,2026-03-01,"Influent wastewater from Chicago (CHI-A), IL",RNA-Seq,Illumina NovaSeq X,493.71
SRR38294763,SRX33130804,SAMN57413835,PRJNA1247874,2026-03-01,"Influent wastewater from Chicago (CHI-D2), IL",RNA-Seq,Illumina NovaSeq X,388.92
SRR38294775,SRX33130792,SAMN57413823,PRJNA1247874,2026-03-01,"Influent wastewater from Chicago (CHI-D1), IL",RNA-Seq,Illumina NovaSeq X,428.12
SRR38294658,SRX33130618,SAMN57413811,PRJNA1247874,2026-03-02,"Wastewater (airport sewer manhole) from Chicago (CHI-C), IL",RNA-Seq,Illumina NovaSeq X,422.02
SRR38294727,SRX33130550,SAMN57413800,PRJNA1247874,2026-03-08,"Influent wastewater from Chicago (CHI-B), IL",RNA-Seq,Illumina NovaSeq X,344.67
SRR38294739,SRX33130538,SAMN57413788,PRJNA1247874,2026-03-08,"Influent wastewater from Chicago (CHI-A), IL",RNA-Seq,Illumina NovaSeq X,390.58
SRR38294774,SRX33130793,SAMN57413824,PRJNA1247874,2026-03-08,"Influent wastewater from Chicago (CHI-D1), IL",RNA-Seq,Illumina NovaSeq X,421.92
SRR38294942,SRX33130886,SAMN57413836,PRJNA1247874,2026-03-08,"Influent wastewater from Chicago (CHI-D2), IL",RNA-Seq,Illumina NovaSeq X,376.34
SRR38294657,SRX33130619,SAMN57413812,PRJNA1247874,2026-03-09,"Wastewater (airport sewer manhole) from Chicago (CHI-C), IL",RNA-Seq,Illumina NovaSeq X,399.94
SRR38294659,SRX33130617,SAMN57413789,PRJNA1247874,2026-03-15,"Influent wastewater from Chicago (CHI-A), IL",RNA-Seq,Illumina NovaSeq X,302.95
SRR38294713,SRX33130564,SAMN57413837,PRJNA1247874,2026-03-15,"Influent wastewater from Chicago (CHI-D2), IL",RNA-Seq,Illumina NovaSeq X,352.64
SRR38294726,SRX33130551,SAMN57413801,PRJNA1247874,2026-03-15,"Influent wastewater from Chicago (CHI-B), IL",RNA-Seq,Illumina NovaSeq X,297.2
SRR38294772,SRX33130796,SAMN57413825,PRJNA1247874,2026-03-15,"Influent wastewater from Chicago (CHI-D1), IL",RNA-Seq,Illumina NovaSeq X,297.91
SRR38294655,SRX33130621,SAMN57413813,PRJNA1247874,2026-03-16,"Wastewater (airport sewer manhole) from Chicago (CHI-C), IL",RNA-Seq,Illumina NovaSeq X,346.3
SRR38294660,SRX33130616,SAMN57413790,PRJNA1247874,2026-03-22,"Influent wastewater from Chicago (CHI-A), IL",RNA-Seq,Illumina NovaSeq X,314.88
SRR38294714,SRX33130563,SAMN57413838,PRJNA1247874,2026-03-22,"Influent wastewater from Chicago (CHI-D2), IL",RNA-Seq,Illumina NovaSeq X,273.18
SRR38294728,SRX33130549,SAMN57413802,PRJNA1247874,2026-03-22,"Influent wastewater from Chicago (CHI-B), IL",RNA-Seq,Illumina NovaSeq X,253.01
SRR38294770,SRX33130797,SAMN57413826,PRJNA1247874,2026-03-22,"Influent wastewater from Chicago (CHI-D1), IL",RNA-Seq,Illumina NovaSeq X,298.23
SRR38294656,SRX33130620,SAMN57413814,PRJNA1247874,2026-03-23,"Wastewater (airport sewer manhole) from Chicago (CHI-C), IL",RNA-Seq,Illumina NovaSeq X,272.64
SRR38294712,SRX33130565,SAMN57413839,PRJNA1247874,2026-03-29,"Influent wastewater from Chicago (CHI-D2), IL",RNA-Seq,Illumina NovaSeq X,290.46
SRR38294729,SRX33130548,SAMN57413803,PRJNA1247874,2026-03-29,"Influent wastewater from Chicago (CHI-B), IL",RNA-Seq,Illumina NovaSeq X,259.4
SRR38294738,SRX33130539,SAMN57413791,PRJNA1247874,2026-03-29,"Influent wastewater from Chicago (CHI-A), IL",RNA-Seq,Illumina NovaSeq X,295.89
SRR38294771,SRX33130794,SAMN57413827,PRJNA1247874,2026-03-29,"Influent wastewater from Chicago (CHI-D1), IL",RNA-Seq,Illumina NovaSeq X,316.33
SRR38294716,SRX33130561,SAMN57413815,PRJNA1247874,2026-03-30,"Wastewater (airport sewer manhole) from Chicago (CHI-C), IL",RNA-Seq,Illumina NovaSeq X,261.93
SRR39695106,SRX34378582,SAMN61656760,PRJNA1247874,2026-04-05,"Influent wastewater from Chicago (CHI-D1), IL",RNA-Seq,Illumina NovaSeq X,167.76
SRR39695113,SRX34378576,SAMN61656722,PRJNA1247874,2026-04-05,"Influent wastewater from Chicago (CHI-A), IL",RNA-Seq,Illumina NovaSeq X,194.03
SRR39695324,SRX34378664,SAMN61656773,PRJNA1247874,2026-04-05,"Influent wastewater from Chicago (CHI-D2), IL",RNA-Seq,Illumina NovaSeq X,187.8
SRR39695334,SRX34378654,SAMN61656735,PRJNA1247874,2026-04-05,"Influent wastewater from Chicago (CHI-B), IL",RNA-Seq,Illumina NovaSeq X,178.52
SRR39695053,SRX34378334,SAMN61656747,PRJNA1247874,2026-04-06,"Wastewater (airport sewer manhole) from Chicago (CHI-C), IL",RNA-Seq,Illumina NovaSeq X,207.2
SRR39695107,SRX34378581,SAMN61656761,PRJNA1247874,2026-04-12,"Influent wastewater from Chicago (CHI-D1), IL",RNA-Seq,Illumina NovaSeq X,187.18
SRR39695115,SRX34378574,SAMN61656723,PRJNA1247874,2026-04-12,"Influent wastewater from Chicago (CHI-A), IL",RNA-Seq,Illumina NovaSeq X,229.51
SRR39695322,SRX34378666,SAMN61656774,PRJNA1247874,2026-04-12,"Influent wastewater from Chicago (CHI-D2), IL",RNA-Seq,Illumina NovaSeq X,248.35
SRR39695333,SRX34378655,SAMN61656736,PRJNA1247874,2026-04-12,"Influent wastewater from Chicago (CHI-B), IL",RNA-Seq,Illumina NovaSeq X,201.07
SRR39695050,SRX34378336,SAMN61656748,PRJNA1247874,2026-04-13,"Wastewater (airport sewer manhole) from Chicago (CHI-C), IL",RNA-Seq,Illumina NovaSeq X,213.35
SRR39695058,SRX34378327,SAMN61656737,PRJNA1247874,2026-04-19,"Influent wastewater from Chicago (CHI-B), IL",RNA-Seq,Illumina NovaSeq X,304.84
SRR39695105,SRX34378583,SAMN61656762,PRJNA1247874,2026-04-19,"Influent wastewater from Chicago (CHI-D1), IL",RNA-Seq,Illumina NovaSeq X,327.55
SRR39695116,SRX34378573,SAMN61656724,PRJNA1247874,2026-04-19,"Influent wastewater from Chicago (CHI-A), IL",RNA-Seq,Illumina NovaSeq X,357.52
SRR39695321,SRX34378667,SAMN61656775,PRJNA1247874,2026-04-19,"Influent wastewater from Chicago (CHI-D2), IL",RNA-Seq,Illumina NovaSeq X,279.26
SRR39694940,SRX34378450,SAMN61656749,PRJNA1247874,2026-04-20,"Wastewater (airport sewer manhole) from Chicago (CHI-C), IL",RNA-Seq,Illumina NovaSeq X,332.35
SRR39695056,SRX34378331,SAMN61656738,PRJNA1247874,2026-04-26,"Influent wastewater from Chicago (CHI-B), IL",RNA-Seq,Illumina NovaSeq X,366.55
SRR39695104,SRX34378584,SAMN61656763,PRJNA1247874,2026-04-26,"Influent wastewater from Chicago (CHI-D1), IL",RNA-Seq,Illumina NovaSeq X,408.8
SRR39695122,SRX34378567,SAMN61656725,PRJNA1247874,2026-04-26,"Influent wastewater from Chicago (CHI-A), IL",RNA-Seq,Illumina NovaSeq X,404.04
SRR39695320,SRX34378668,SAMN61656776,PRJNA1247874,2026-04-26,"Influent wastewater from Chicago (CHI-D2), IL",RNA-Seq,Illumina NovaSeq X,372.57
SRR39695099,SRX34378589,SAMN61656750,PRJNA1247874,2026-04-27,"Wastewater (airport sewer manhole) from Chicago (CHI-C), IL",RNA-Seq,Illumina NovaSeq X,383.13
SRR39695055,SRX34378332,SAMN61656739,PRJNA1247874,2026-05-03,"Influent wastewater from Chicago (CHI-B), IL",RNA-Seq,Illumina NovaSeq X,392.38
SRR39695103,SRX34378585,SAMN61656764,PRJNA1247874,2026-05-03,"Influent wastewater from Chicago (CHI-D1), IL",RNA-Seq,Illumina NovaSeq X,452.96
SRR39695123,SRX34378566,SAMN61656726,PRJNA1247874,2026-05-03,"Influent wastewater from Chicago (CHI-A), IL",RNA-Seq,Illumina NovaSeq X,320.22
SRR39695319,SRX34378669,SAMN61656777,PRJNA1247874,2026-05-03,"Influent wastewater from Chicago (CHI-D2), IL",RNA-Seq,Illumina NovaSeq X,427.44
SRR39695326,SRX34378662,SAMN61656751,PRJNA1247874,2026-05-04,"Wastewater (airport sewer manhole) from Chicago (CHI-C), IL",RNA-Seq,Illumina NovaSeq X,418.48
SRR39695054,SRX34378333,SAMN61656740,PRJNA1247874,2026-05-10,"Influent wastewater from Chicago (CHI-B), IL",RNA-Seq,Illumina NovaSeq X,192.46
SRR39695102,SRX34378586,SAMN61656765,PRJNA1247874,2026-05-10,"Influent wastewater from Chicago (CHI-D1), IL",RNA-Seq,Illumina NovaSeq X,176.17
SRR39695124,SRX34378565,SAMN61656727,PRJNA1247874,2026-05-10,"Influent wastewater from Chicago (CHI-A), IL",RNA-Seq,Illumina NovaSeq X,165.28
SRR39695317,SRX34378671,SAMN61656778,PRJNA1247874,2026-05-10,"Influent wastewater from Chicago (CHI-D2), IL",RNA-Seq,Illumina NovaSeq X,197.39
SRR39695325,SRX34378663,SAMN61656752,PRJNA1247874,2026-05-11,"Wastewater (airport sewer manhole) from Chicago (CHI-C), IL",RNA-Seq,Illumina NovaSeq X,193.75
SRR39695052,SRX34378335,SAMN61656741,PRJNA1247874,2026-05-17,"Influent wastewater from Chicago (CHI-B), IL",RNA-Seq,Illumina NovaSeq X,217.14
SRR39695100,SRX34378588,SAMN61656766,PRJNA1247874,2026-05-17,"Influent wastewater from Chicago (CHI-D1), IL",RNA-Seq,Illumina NovaSeq X,199.01
SRR39695318,SRX34378670,SAMN61656779,PRJNA1247874,2026-05-17,"Influent wastewater from Chicago (CHI-D2), IL",RNA-Seq,Illumina NovaSeq X,230.6
SRR39695337,SRX34378651,SAMN61656728,PRJNA1247874,2026-05-17,"Influent wastewater from Chicago (CHI-A), IL",RNA-Seq,Illumina NovaSeq X,186.88
SRR39694932,SRX34378458,SAMN61656753,PRJNA1247874,2026-05-18,"Wastewater (airport sewer manhole) from Chicago (CHI-C), IL",RNA-Seq,Illumina NovaSeq X,224.58
SRR39694933,SRX34378590,SAMN61656767,PRJNA1247874,2026-05-24,"Influent wastewater from Chicago (CHI-D1), IL",RNA-Seq,Illumina NovaSeq X,348.2
SRR39695063,SRX34378324,SAMN61656742,PRJNA1247874,2026-05-24,"Influent wastewater from Chicago (CHI-B), IL",RNA-Seq,Illumina NovaSeq X,380.07
SRR39695316,SRX34378672,SAMN61656780,PRJNA1247874,2026-05-24,"Influent wastewater from Chicago (CHI-D2), IL",RNA-Seq,Illumina NovaSeq X,378.69
SRR39695338,SRX34378650,SAMN61656729,PRJNA1247874,2026-05-24,"Influent wastewater from Chicago (CHI-A), IL",RNA-Seq,Illumina NovaSeq X,432.88
SRR39695078,SRX34378457,SAMN61656754,PRJNA1247874,2026-05-28,"Wastewater (airport sewer manhole) from Chicago (CHI-C), IL",RNA-Seq,Illumina NovaSeq X,383.18
SRR39695062,SRX34378325,SAMN61656743,PRJNA1247874,2026-05-31,"Influent wastewater from Chicago (CHI-B), IL",RNA-Seq,Illumina NovaSeq X,357.46
SRR39695077,SRX34378311,SAMN61656768,PRJNA1247874,2026-05-31,"Influent wastewater from Chicago (CHI-D1), IL",RNA-Seq,Illumina NovaSeq X,351.75
SRR39695315,SRX34378673,SAMN61656781,PRJNA1247874,2026-05-31,"Influent wastewater from Chicago (CHI-D2), IL",RNA-Seq,Illumina NovaSeq X,406.83
SRR39695336,SRX34378652,SAMN61656730,PRJNA1247874,2026-05-31,"Influent wastewater from Chicago (CHI-A), IL",RNA-Seq,Illumina NovaSeq X,377.14
SRR39695227,SRX34378460,SAMN61656755,PRJNA1247874,2026-06-01,"Wastewater (airport sewer manhole) from Chicago (CHI-C), IL",RNA-Seq,Illumina NovaSeq X,370.22
SRR39695051,SRX34378674,SAMN61656782,PRJNA1247874,2026-06-07,"Influent wastewater from Chicago (CHI-D2), IL",RNA-Seq,Illumina NovaSeq X,248.56
SRR39695061,SRX34378326,SAMN61656744,PRJNA1247874,2026-06-07,"Influent wastewater from Chicago (CHI-B), IL",RNA-Seq,Illumina NovaSeq X,246.94
SRR39695327,SRX34378591,SAMN61656769,PRJNA1247874,2026-06-07,"Influent wastewater from Chicago (CHI-D1), IL",RNA-Seq,Illumina NovaSeq X,248.8
SRR39695335,SRX34378653,SAMN61656731,PRJNA1247874,2026-06-07,"Influent wastewater from Chicago (CHI-A), IL",RNA-Seq,Illumina NovaSeq X,216.67
SRR39695112,SRX34378461,SAMN61656756,PRJNA1247874,2026-06-08,"Wastewater (airport sewer manhole) from Chicago (CHI-C), IL",RNA-Seq,Illumina NovaSeq X,186.35
SRR39695040,SRX34378345,SAMN61656770,PRJNA1247874,2026-06-14,"Influent wastewater from Chicago (CHI-D1), IL",RNA-Seq,Illumina NovaSeq X,373.87
SRR39695048,SRX34378337,SAMN61656783,PRJNA1247874,2026-06-14,"Influent wastewater from Chicago (CHI-D2), IL",RNA-Seq,Illumina NovaSeq X,359.41
SRR39695059,SRX34378329,SAMN61656745,PRJNA1247874,2026-06-14,"Influent wastewater from Chicago (CHI-B), IL",RNA-Seq,Illumina NovaSeq X,319.7
SRR39695332,SRX34378656,SAMN61656732,PRJNA1247874,2026-06-14,"Influent wastewater from Chicago (CHI-A), IL",RNA-Seq,Illumina NovaSeq X,342.62
SRR39695110,SRX34378578,SAMN61656757,PRJNA1247874,2026-06-15,"Wastewater (airport sewer manhole) from Chicago (CHI-C), IL",RNA-Seq,Illumina NovaSeq X,323.89
SRR39695038,SRX34378347,SAMN61656771,PRJNA1247874,2026-06-21,"Influent wastewater from Chicago (CHI-D1), IL",RNA-Seq,Illumina NovaSeq X,296.84
SRR39695049,SRX34378675,SAMN61656784,PRJNA1247874,2026-06-21,"Influent wastewater from Chicago (CHI-D2), IL",RNA-Seq,Illumina NovaSeq X,296.65
SRR39695331,SRX34378657,SAMN61656733,PRJNA1247874,2026-06-21,"Influent wastewater from Chicago (CHI-A), IL",RNA-Seq,Illumina NovaSeq X,263.67
SRR39695109,SRX34378579,SAMN61656758,PRJNA1247874,2026-06-22,"Wastewater (airport sewer manhole) from Chicago (CHI-C), IL",RNA-Seq,Illumina NovaSeq X,232.95
SRR39695039,SRX34378346,SAMN61656772,PRJNA1247874,2026-06-28,"Influent wastewater from Chicago (CHI-D1), IL",RNA-Seq,Illumina NovaSeq X,188.48
SRR39695045,SRX34378340,SAMN61656785,PRJNA1247874,2026-06-28,"Influent wastewater from Chicago (CHI-D2), IL",RNA-Seq,Illumina NovaSeq X,217.16
SRR39695057,SRX34378330,SAMN61656746,PRJNA1247874,2026-06-28,"Influent wastewater from Chicago (CHI-B), IL",RNA-Seq,Illumina NovaSeq X,193.2
SRR39695329,SRX34378659,SAMN61656734,PRJNA1247874,2026-06-28,"Influent wastewater from Chicago (CHI-A), IL",RNA-Seq,Illumina NovaSeq X,183.54
SRR39695108,SRX34378580,SAMN61656759,PRJNA1247874,2026-06-29,"Wastewater (airport sewer manhole) from Chicago (CHI-C), IL",RNA-Seq,Illumina NovaSeq X,193.02
SRR40176087,SRX34804453,SAMN62406443,PRJNA1498729,2026-07-29,jurisdiction CI site S0154,AMPLICON,MiSeq i100,1.74
SRR40176086,SRX34804454,SAMN62406444,PRJNA1498729,2026-07-30,jurisdiction CI site S0090,AMPLICON,MiSeq i100,0.83
SRR40396829,SRX35002629,SAMN62766117,PRJNA1498729,2026-08-06,jurisdiction CI site S0090,AMPLICON,MiSeq i100,1.05
SRR40396835,SRX35002623,SAMN62766116,PRJNA1498729,2026-08-06,jurisdiction CI site S0108,AMPLICON,MiSeq i100,1.18
SRR40396836,SRX35002622,SAMN62766115,PRJNA1498729,2026-08-06,jurisdiction CI site S0153,AMPLICON,MiSeq i100,2.39
SRR40396827,SRX35002631,SAMN62766119,PRJNA1498729,2026-08-10,jurisdiction CI site S0108,AMPLICON,MiSeq i100,0.69
SRR40396828,SRX35002630,SAMN62766118,PRJNA1498729,2026-08-10,jurisdiction CI site S0095,AMPLICON,MiSeq i100,0.78
SRR40396825,SRX35002633,SAMN62766121,PRJNA1498729,2026-08-11,jurisdiction CI site S0120,AMPLICON,MiSeq i100,0.71
SRR40396826,SRX35002632,SAMN62766120,PRJNA1498729,2026-08-11,jurisdiction CI site S0090,AMPLICON,MiSeq i100,0.44
SRR40396831,SRX35002627,SAMN62766128,PRJNA1498729,2026-08-18,jurisdiction CI site S0153,AMPLICON,MiSeq i100,0.79
SRR40396832,SRX35002626,SAMN62766127,PRJNA1498729,2026-08-18,jurisdiction CI site S0093,AMPLICON,MiSeq i100,0.81
SRR40396822,SRX35002636,SAMN62766124,PRJNA1498729,2026-08-19,jurisdiction CI site S0155,AMPLICON,MiSeq i100,0.39
SRR40396833,SRX35002625,SAMN62766126,PRJNA1498729,2026-08-19,jurisdiction CI site S0154,AMPLICON,MiSeq i100,0.72
SRR40396834,SRX35002624,SAMN62766125,PRJNA1498729,2026-08-19,jurisdiction CI site S0094,AMPLICON,MiSeq i100,0.7
SRR40396823,SRX35002635,SAMN62766123,PRJNA1498729,2026-08-20,jurisdiction CI site S0090,AMPLICON,MiSeq i100,0.69
SRR40396824,SRX35002634,SAMN62766122,PRJNA1498729,2026-08-20,jurisdiction CI site S0120,AMPLICON,MiSeq i100,0.84
SRR40396830,SRX35002628,SAMN62766129,PRJNA1498729,2026-08-20,jurisdiction CI site S0108,AMPLICON,MiSeq i100,0.49
SRR40666463,SRX35241144,SAMN63139004,PRJNA1498729,2026-08-24,jurisdiction CI site S0155,AMPLICON,MiSeq i100,0.26
SRR40666470,SRX35241137,SAMN63139001,PRJNA1498729,2026-08-25,jurisdiction CI site S0093,AMPLICON,MiSeq i100,0.28
SRR40666465,SRX35241142,SAMN63139002,PRJNA1498729,2026-08-26,jurisdiction CI site S0154,AMPLICON,MiSeq i100,0.26
SRR40666471,SRX35241136,SAMN63139000,PRJNA1498729,2026-08-26,jurisdiction CI site S0095,AMPLICON,MiSeq i100,0.29
SRR40666462,SRX35241145,SAMN63139005,PRJNA1498729,2026-08-27,jurisdiction CI site S0108,AMPLICON,MiSeq i100,0.52
SRR40666464,SRX35241143,SAMN63139003,PRJNA1498729,2026-08-27,jurisdiction CI site S0153,AMPLICON,MiSeq i100,0.33
SRR40666466,SRX35241141,SAMN63139013,PRJNA1498729,2026-08-27,jurisdiction CI site S0120,AMPLICON,MiSeq i100,0.27
SRR40666467,SRX35241140,SAMN63139012,PRJNA1498729,2026-08-27,jurisdiction CI site S0090,AMPLICON,MiSeq i100,0.31
SRR40666460,SRX35241147,SAMN63139007,PRJNA1498729,2026-08-31,jurisdiction CI site S0095,AMPLICON,MiSeq i100,0.2
SRR40666461,SRX35241146,SAMN63139006,PRJNA1498729,2026-08-31,jurisdiction CI site S0154,AMPLICON,MiSeq i100,0.18
SRR40666469,SRX35241138,SAMN63139010,PRJNA1498729,2026-09-01,jurisdiction CI site S0153,AMPLICON,MiSeq i100,0.19
SRR40666458,SRX35241149,SAMN63139009,PRJNA1498729,2026-09-03,jurisdiction CI site S0090,AMPLICON,MiSeq i100,0.24
SRR40666459,SRX35241148,SAMN63139008,PRJNA1498729,2026-09-03,jurisdiction CI site S0120,AMPLICON,MiSeq i100,1.33
SRR40666468,SRX35241139,SAMN63139011,PRJNA1498729,2026-09-03,jurisdiction CI site S0108,AMPLICON,MiSeq i100,0.23
SRR40032779,SRX34683119,SAMN62226847,PRJNA989260,2025-09-16,jurisdiction CI site S0153,AMPLICON,NextSeq 2000,0.48
SRR40032780,SRX34683118,SAMN62226848,PRJNA989260,2025-09-16,jurisdiction CI site S0093,AMPLICON,NextSeq 2000,0.72
SRR40032781,SRX34683117,SAMN62226849,PRJNA989260,2025-09-16,jurisdiction CI site S0120,AMPLICON,NextSeq 2000,0.56
SRR40032782,SRX34683116,SAMN62226850,PRJNA989260,2025-09-17,jurisdiction CI site S0155,AMPLICON,NextSeq 2000,0.07
SRR40032795,SRX34683103,SAMN62226863,PRJNA989260,2025-09-18,jurisdiction CI site S0108,AMPLICON,NextSeq 2000,1.21
SRR40032822,SRX34683164,SAMN62226826,PRJNA989260,2025-09-22,jurisdiction CI site S0095,AMPLICON,NextSeq 2000,0.39
SRR40032839,SRX34683147,SAMN62226843,PRJNA989260,2025-09-22,jurisdiction CI site S0108,AMPLICON,NextSeq 2000,0.62
SRR40032825,SRX34683161,SAMN62226829,PRJNA989260,2025-09-23,jurisdiction CI site S0120,AMPLICON,NextSeq 2000,0.51
SRR40032823,SRX34683163,SAMN62226827,PRJNA989260,2025-09-24,jurisdiction CI site S0094,AMPLICON,NextSeq 2000,0.52
SRR40032824,SRX34683162,SAMN62226828,PRJNA989260,2025-09-24,jurisdiction CI site S0154,AMPLICON,NextSeq 2000,1.92
SRR40032826,SRX34683160,SAMN62226830,PRJNA989260,2025-09-24,jurisdiction CI site S0155,AMPLICON,NextSeq 2000,0.35
SRR40032820,SRX34683166,SAMN62226824,PRJNA989260,2025-09-25,jurisdiction CI site S0093,AMPLICON,NextSeq 2000,0.36
SRR40032821,SRX34683165,SAMN62226825,PRJNA989260,2025-09-25,jurisdiction CI site S0153,AMPLICON,NextSeq 2000,0.58
SRR40032876,SRX34683202,SAMN62226880,PRJNA989260,2025-09-29,jurisdiction CI site S0154,AMPLICON,NextSeq 2000,0.44
SRR40032877,SRX34683201,SAMN62226881,PRJNA989260,2025-09-29,jurisdiction CI site S0094,AMPLICON,NextSeq 2000,0.39
SRR40032878,SRX34683200,SAMN62226882,PRJNA989260,2025-09-29,jurisdiction CI site S0095,AMPLICON,NextSeq 2000,0.17
SRR40032873,SRX34683205,SAMN62226877,PRJNA989260,2025-09-30,jurisdiction CI site S0153,AMPLICON,NextSeq 2000,0.25
SRR40032874,SRX34683204,SAMN62226878,PRJNA989260,2025-09-30,jurisdiction CI site S0093,AMPLICON,NextSeq 2000,0.13
SRR40032875,SRX34683203,SAMN62226879,PRJNA989260,2025-09-30,jurisdiction CI site S0120,AMPLICON,NextSeq 2000,0.43
SRR40032879,SRX34683199,SAMN62226883,PRJNA989260,2025-10-02,jurisdiction CI site S0090,AMPLICON,NextSeq 2000,0.5
SRR40032891,SRX34683187,SAMN62226895,PRJNA989260,2025-10-02,jurisdiction CI site S0108,AMPLICON,NextSeq 2000,2.44
SRR40032859,SRX34683167,SAMN62226915,PRJNA989260,2025-10-06,jurisdiction CI site S0108,AMPLICON,NextSeq 2000,0.31
SRR40032843,SRX34683183,SAMN62226899,PRJNA989260,2025-10-07,jurisdiction CI site S0090,AMPLICON,NextSeq 2000,2.51
SRR40032844,SRX34683182,SAMN62226900,PRJNA989260,2025-10-07,jurisdiction CI site S0092,AMPLICON,NextSeq 2000,0.32
SRR40032845,SRX34683181,SAMN62226901,PRJNA989260,2025-10-07,jurisdiction CI site S0153,AMPLICON,NextSeq 2000,0.29
SRR40032846,SRX34683180,SAMN62226902,PRJNA989260,2025-10-08,jurisdiction CI site S0095,AMPLICON,NextSeq 2000,0.78
SRR40032847,SRX34683179,SAMN62226903,PRJNA989260,2025-10-08,jurisdiction CI site S0120,AMPLICON,NextSeq 2000,0.68
SRR40032848,SRX34683178,SAMN62226904,PRJNA989260,2025-10-08,jurisdiction CI site S0086,AMPLICON,NextSeq 2000,0.01
SRR40032849,SRX34683177,SAMN62226905,PRJNA989260,2025-10-08,jurisdiction CI site S0094,AMPLICON,NextSeq 2000,0.45
SRR40032850,SRX34683176,SAMN62226906,PRJNA989260,2025-10-08,jurisdiction CI site S0155,AMPLICON,NextSeq 2000,0.21
SRR40032851,SRX34683175,SAMN62226907,PRJNA989260,2025-10-08,jurisdiction CI site S0154,AMPLICON,NextSeq 2000,0.33
SRR40032955,SRX34683283,SAMN62226959,PRJNA989260,2025-10-15,jurisdiction CI site S0155,AMPLICON,NextSeq 2000,0.21
SRR40032956,SRX34683282,SAMN62226960,PRJNA989260,2025-10-15,jurisdiction CI site S0095,AMPLICON,NextSeq 2000,0.5
SRR40032954,SRX34683284,SAMN62226958,PRJNA989260,2025-10-16,jurisdiction CI site S0153,AMPLICON,NextSeq 2000,1.05
SRR40032957,SRX34683281,SAMN62226961,PRJNA989260,2025-10-16,jurisdiction CI site S0093,AMPLICON,NextSeq 2000,0.51
SRR40032964,SRX34683274,SAMN62226968,PRJNA989260,2025-10-16,jurisdiction CI site S0108,AMPLICON,NextSeq 2000,0.85
SRR40032961,SRX34683277,SAMN62226965,PRJNA989260,2025-10-17,jurisdiction CI site S0154,AMPLICON,NextSeq 2000,0.15
SRR40032962,SRX34683276,SAMN62226966,PRJNA989260,2025-10-17,jurisdiction CI site S0120,AMPLICON,NextSeq 2000,0.27
SRR40032902,SRX34683225,SAMN62226944,PRJNA989260,2025-10-20,jurisdiction CI site S0155,AMPLICON,NextSeq 2000,0.03
SRR40032903,SRX34683224,SAMN62226945,PRJNA989260,2025-10-20,jurisdiction CI site S0154,AMPLICON,NextSeq 2000,0.14
SRR40032906,SRX34683221,SAMN62226948,PRJNA989260,2025-10-20,jurisdiction CI site S0095,AMPLICON,NextSeq 2000,0.28
SRR40032905,SRX34683222,SAMN62226947,PRJNA989260,2025-10-21,jurisdiction CI site S0153,AMPLICON,NextSeq 2000,0.29
SRR40032907,SRX34683220,SAMN62226949,PRJNA989260,2025-10-21,jurisdiction CI site S0093,AMPLICON,NextSeq 2000,0.43
SRR40032904,SRX34683223,SAMN62226946,PRJNA989260,2025-10-22,jurisdiction CI site S0120,AMPLICON,NextSeq 2000,0.1
SRR40032908,SRX34683219,SAMN62226950,PRJNA989260,2025-10-23,jurisdiction CI site S0108,AMPLICON,NextSeq 2000,0.16
SRR40032925,SRX34683237,SAMN62226932,PRJNA989260,2025-10-28,jurisdiction CI site S0093,AMPLICON,NextSeq 2000,0.25
SRR40032921,SRX34683241,SAMN62226928,PRJNA989260,2025-10-29,jurisdiction CI site S0095,AMPLICON,NextSeq 2000,0.45
SRR40032923,SRX34683239,SAMN62226930,PRJNA989260,2025-10-29,jurisdiction CI site S0094,AMPLICON,NextSeq 2000,0.11
SRR40032924,SRX34683238,SAMN62226931,PRJNA989260,2025-10-29,jurisdiction CI site S0120,AMPLICON,NextSeq 2000,0.4
SRR40032922,SRX34683240,SAMN62226929,PRJNA989260,2025-10-30,jurisdiction CI site S0153,AMPLICON,NextSeq 2000,0.7
SRR40032926,SRX34683236,SAMN62226933,PRJNA989260,2025-10-30,jurisdiction CI site S0108,AMPLICON,NextSeq 2000,0.46
SRR40032977,SRX34683299,SAMN62227019,PRJNA989260,2025-11-03,jurisdiction CI site S0095,AMPLICON,NextSeq 2000,0.16
SRR40032982,SRX34683294,SAMN62227024,PRJNA989260,2025-11-03,jurisdiction CI site S0094,AMPLICON,NextSeq 2000,0.05
SRR40032984,SRX34683292,SAMN62227026,PRJNA989260,2025-11-03,jurisdiction CI site S0108,AMPLICON,NextSeq 2000,0.1
SRR40032983,SRX34683293,SAMN62227025,PRJNA989260,2025-11-04,jurisdiction CI site S0153,AMPLICON,NextSeq 2000,0.17
SRR40032978,SRX34683298,SAMN62227020,PRJNA989260,2025-11-05,jurisdiction CI site S0155,AMPLICON,NextSeq 2000,0.02
SRR40032979,SRX34683297,SAMN62227021,PRJNA989260,2025-11-05,jurisdiction CI site S0120,AMPLICON,NextSeq 2000,0.15
SRR40032981,SRX34683295,SAMN62227023,PRJNA989260,2025-11-05,jurisdiction CI site S0154,AMPLICON,NextSeq 2000,0.24
SRR40032980,SRX34683296,SAMN62227022,PRJNA989260,2025-11-06,jurisdiction CI site S0093,AMPLICON,NextSeq 2000,0.08
SRR40032939,SRX34683261,SAMN62226981,PRJNA989260,2025-11-10,jurisdiction CI site S0154,AMPLICON,NextSeq 2000,0.44
SRR40032940,SRX34683260,SAMN62226982,PRJNA989260,2025-11-10,jurisdiction CI site S0094,AMPLICON,NextSeq 2000,0.31
SRR40032941,SRX34683259,SAMN62226983,PRJNA989260,2025-11-10,jurisdiction CI site S0155,AMPLICON,NextSeq 2000,0.07
SRR40032943,SRX34683257,SAMN62226985,PRJNA989260,2025-11-11,jurisdiction CI site S0153,AMPLICON,NextSeq 2000,0.78
SRR40032944,SRX34683256,SAMN62226986,PRJNA989260,2025-11-11,jurisdiction CI site S0093,AMPLICON,NextSeq 2000,0.44
SRR40032942,SRX34683258,SAMN62226984,PRJNA989260,2025-11-12,jurisdiction CI site S0120,AMPLICON,NextSeq 2000,0.3
SRR40032945,SRX34683255,SAMN62226987,PRJNA989260,2025-11-12,jurisdiction CI site S0095,AMPLICON,NextSeq 2000,0.19
SRR40032946,SRX34683254,SAMN62226988,PRJNA989260,2025-11-13,jurisdiction CI site S0108,AMPLICON,NextSeq 2000,0.62
SRR40033040,SRX34683364,SAMN62227053,PRJNA989260,2025-11-17,jurisdiction CI site S0120,AMPLICON,NextSeq 2000,0.41
SRR40033050,SRX34683354,SAMN62227063,PRJNA989260,2025-11-17,jurisdiction CI site S0108,AMPLICON,NextSeq 2000,0.0
SRR40033039,SRX34683365,SAMN62227052,PRJNA989260,2025-11-19,jurisdiction CI site S0154,AMPLICON,NextSeq 2000,0.16
SRR40033041,SRX34683363,SAMN62227054,PRJNA989260,2025-11-19,jurisdiction CI site S0155,AMPLICON,NextSeq 2000,0.14
SRR40033042,SRX34683362,SAMN62227055,PRJNA989260,2025-11-19,jurisdiction CI site S0095,AMPLICON,NextSeq 2000,0.05
SRR40033049,SRX34683355,SAMN62227062,PRJNA989260,2025-11-19,jurisdiction CI site S0094,AMPLICON,NextSeq 2000,0.05
SRR40033043,SRX34683361,SAMN62227056,PRJNA989260,2025-11-20,jurisdiction CI site S0093,AMPLICON,NextSeq 2000,0.04
SRR40033044,SRX34683360,SAMN62227057,PRJNA989260,2025-11-20,jurisdiction CI site S0153,AMPLICON,NextSeq 2000,0.03
SRR40033220,SRX34683548,SAMN62227253,PRJNA989260,2025-11-24,jurisdiction CI site S0120,AMPLICON,NextSeq 2000,1.93
SRR40033221,SRX34683547,SAMN62227254,PRJNA989260,2025-11-24,jurisdiction CI site S0094,AMPLICON,NextSeq 2000,0.46
SRR40033222,SRX34683546,SAMN62227255,PRJNA989260,2025-11-24,jurisdiction CI site S0095,AMPLICON,NextSeq 2000,0.26
SRR40033234,SRX34683534,SAMN62227267,PRJNA989260,2025-11-24,jurisdiction CI site S0108,AMPLICON,NextSeq 2000,0.99
SRR40033223,SRX34683545,SAMN62227256,PRJNA989260,2025-11-26,jurisdiction CI site S0154,AMPLICON,NextSeq 2000,0.43
SRR40033224,SRX34683544,SAMN62227257,PRJNA989260,2025-11-26,jurisdiction CI site S0093,AMPLICON,NextSeq 2000,0.45
SRR40033225,SRX34683543,SAMN62227258,PRJNA989260,2025-11-26,jurisdiction CI site S0155,AMPLICON,NextSeq 2000,0.37
SRR40033226,SRX34683542,SAMN62227259,PRJNA989260,2025-11-26,jurisdiction CI site S0153,AMPLICON,NextSeq 2000,0.75
SRR40033148,SRX34683476,SAMN62227179,PRJNA989260,2025-12-01,jurisdiction CI site S0154,AMPLICON,NextSeq 2000,0.6
SRR40033151,SRX34683473,SAMN62227182,PRJNA989260,2025-12-01,jurisdiction CI site S0155,AMPLICON,NextSeq 2000,0.45
SRR40033152,SRX34683472,SAMN62227183,PRJNA989260,2025-12-01,jurisdiction CI site S0094,AMPLICON,NextSeq 2000,0.34
SRR40033149,SRX34683475,SAMN62227180,PRJNA989260,2025-12-03,jurisdiction CI site S0095,AMPLICON,NextSeq 2000,0.41
SRR40033147,SRX34683477,SAMN62227178,PRJNA989260,2025-12-04,jurisdiction CI site S0153,AMPLICON,NextSeq 2000,1.58
SRR40033150,SRX34683474,SAMN62227181,PRJNA989260,2025-12-04,jurisdiction CI site S0120,AMPLICON,NextSeq 2000,0.5
SRR40033153,SRX34683471,SAMN62227184,PRJNA989260,2025-12-04,jurisdiction CI site S0093,AMPLICON,NextSeq 2000,1.71
SRR40033155,SRX34683469,SAMN62227186,PRJNA989260,2025-12-04,jurisdiction CI site S0108,AMPLICON,NextSeq 2000,0.89
SRR40032991,SRX34683323,SAMN62226995,PRJNA989260,2025-12-08,jurisdiction CI site S0094,AMPLICON,NextSeq 2000,0.16
SRR40032996,SRX34683318,SAMN62227000,PRJNA989260,2025-12-08,jurisdiction CI site S0154,AMPLICON,NextSeq 2000,1.04
SRR40032994,SRX34683320,SAMN62226998,PRJNA989260,2025-12-09,jurisdiction CI site S0120,AMPLICON,NextSeq 2000,1.61
SRR40032995,SRX34683319,SAMN62226999,PRJNA989260,2025-12-09,jurisdiction CI site S0093,AMPLICON,NextSeq 2000,0.46
SRR40032997,SRX34683317,SAMN62227001,PRJNA989260,2025-12-09,jurisdiction CI site S0153,AMPLICON,NextSeq 2000,0.54
SRR40032992,SRX34683322,SAMN62226996,PRJNA989260,2025-12-10,jurisdiction CI site S0095,AMPLICON,NextSeq 2000,0.73
SRR40032993,SRX34683321,SAMN62226997,PRJNA989260,2025-12-10,jurisdiction CI site S0155,AMPLICON,NextSeq 2000,0.28
SRR40033002,SRX34683312,SAMN62227006,PRJNA989260,2025-12-11,jurisdiction CI site S0108,AMPLICON,NextSeq 2000,1.79
SRR40033116,SRX34683401,SAMN62227131,PRJNA989260,2025-12-15,jurisdiction CI site S0095,AMPLICON,NextSeq 2000,0.17
SRR40033126,SRX34683391,SAMN62227141,PRJNA989260,2025-12-15,jurisdiction CI site S0108,AMPLICON,NextSeq 2000,0.3
SRR40033106,SRX34683411,SAMN62227121,PRJNA989260,2025-12-16,jurisdiction CI site S0120,AMPLICON,NextSeq 2000,0.06
SRR40033105,SRX34683412,SAMN62227120,PRJNA989260,2025-12-17,jurisdiction CI site S0154,AMPLICON,NextSeq 2000,0.25
SRR40033108,SRX34683409,SAMN62227123,PRJNA989260,2025-12-17,jurisdiction CI site S0094,AMPLICON,NextSeq 2000,0.12
SRR40033114,SRX34683403,SAMN62227129,PRJNA989260,2025-12-17,jurisdiction CI site S0155,AMPLICON,NextSeq 2000,0.31
SRR40033109,SRX34683408,SAMN62227124,PRJNA989260,2025-12-18,jurisdiction CI site S0153,AMPLICON,NextSeq 2000,0.47
SRR40033111,SRX34683406,SAMN62227126,PRJNA989260,2025-12-18,jurisdiction CI site S0093,AMPLICON,NextSeq 2000,0.12
SRR40033107,SRX34683410,SAMN62227122,PRJNA989260,2025-12-22,jurisdiction CI site S0095,AMPLICON,NextSeq 2000,0.1
SRR40033110,SRX34683407,SAMN62227125,PRJNA989260,2025-12-22,jurisdiction CI site S0155,AMPLICON,NextSeq 2000,0.18
SRR40033112,SRX34683405,SAMN62227127,PRJNA989260,2025-12-22,jurisdiction CI site S0094,AMPLICON,NextSeq 2000,0.22
SRR40033113,SRX34683404,SAMN62227128,PRJNA989260,2025-12-22,jurisdiction CI site S0154,AMPLICON,NextSeq 2000,0.42
SRR40033125,SRX34683392,SAMN62227140,PRJNA989260,2025-12-22,jurisdiction CI site S0108,AMPLICON,NextSeq 2000,0.18
SRR40033094,SRX34683423,SAMN62227085,PRJNA989260,2025-12-23,jurisdiction CI site S0093,AMPLICON,NextSeq 2000,0.4
SRR40033096,SRX34683421,SAMN62227087,PRJNA989260,2025-12-23,jurisdiction CI site S0120,AMPLICON,NextSeq 2000,0.3
SRR40033115,SRX34683402,SAMN62227130,PRJNA989260,2025-12-23,jurisdiction CI site S0153,AMPLICON,NextSeq 2000,0.15
SRR40033095,SRX34683422,SAMN62227086,PRJNA989260,2025-12-29,jurisdiction CI site S0154,AMPLICON,NextSeq 2000,0.27
SRR40033120,SRX34683397,SAMN62227135,PRJNA989260,2025-12-29,jurisdiction CI site S0108,AMPLICON,NextSeq 2000,0.09
SRR40033092,SRX34683425,SAMN62227083,PRJNA989260,2025-12-30,jurisdiction CI site S0153,AMPLICON,NextSeq 2000,0.3
SRR40033064,SRX34683453,SAMN62227091,PRJNA989260,2026-01-02,jurisdiction CI site S0120,AMPLICON,NextSeq 2000,0.13
SRR40033093,SRX34683424,SAMN62227084,PRJNA989260,2026-01-02,jurisdiction CI site S0093,AMPLICON,NextSeq 2000,0.16
SRR40033097,SRX34683420,SAMN62227088,PRJNA989260,2026-01-02,jurisdiction CI site S0094,AMPLICON,NextSeq 2000,0.06
SRR40033098,SRX34683419,SAMN62227089,PRJNA989260,2026-01-02,jurisdiction CI site S0095,AMPLICON,NextSeq 2000,0.12
SRR40033099,SRX34683418,SAMN62227090,PRJNA989260,2026-01-02,jurisdiction CI site S0155,AMPLICON,NextSeq 2000,0.14
SRR40033159,SRX34683530,SAMN62227192,PRJNA989260,2026-01-05,jurisdiction CI site S0155,AMPLICON,NextSeq 2000,0.13
SRR40033161,SRX34683528,SAMN62227194,PRJNA989260,2026-01-05,jurisdiction CI site S0094,AMPLICON,NextSeq 2000,0.14
SRR40033157,SRX34683532,SAMN62227190,PRJNA989260,2026-01-06,jurisdiction CI site S0153,AMPLICON,NextSeq 2000,1.05
SRR40033160,SRX34683529,SAMN62227193,PRJNA989260,2026-01-06,jurisdiction CI site S0093,AMPLICON,NextSeq 2000,0.2
SRR40033156,SRX34683533,SAMN62227189,PRJNA989260,2026-01-07,jurisdiction CI site S0095,AMPLICON,NextSeq 2000,0.18
SRR40033158,SRX34683531,SAMN62227191,PRJNA989260,2026-01-07,jurisdiction CI site S0154,AMPLICON,NextSeq 2000,0.53
SRR40033162,SRX34683527,SAMN62227195,PRJNA989260,2026-01-08,jurisdiction CI site S0120,AMPLICON,NextSeq 2000,0.24
SRR40033206,SRX34683483,SAMN62227239,PRJNA989260,2026-01-08,jurisdiction CI site S0108,AMPLICON,NextSeq 2000,0.18
SRR40033238,SRX34683578,SAMN62227272,PRJNA989260,2026-01-20,jurisdiction CI site S0093,AMPLICON,NextSeq 2000,0.21
SRR40033240,SRX34683576,SAMN62227274,PRJNA989260,2026-01-21,jurisdiction CI site S0155,AMPLICON,NextSeq 2000,0.29
SRR40033242,SRX34683574,SAMN62227276,PRJNA989260,2026-01-21,jurisdiction CI site S0094,AMPLICON,NextSeq 2000,0.31
SRR40033243,SRX34683573,SAMN62227277,PRJNA989260,2026-01-21,jurisdiction CI site S0095,AMPLICON,NextSeq 2000,0.58
SRR40033244,SRX34683572,SAMN62227278,PRJNA989260,2026-01-21,jurisdiction CI site S0154,AMPLICON,NextSeq 2000,1.01
SRR40033239,SRX34683577,SAMN62227273,PRJNA989260,2026-01-22,jurisdiction CI site S0120,AMPLICON,NextSeq 2000,1.19
SRR40033241,SRX34683575,SAMN62227275,PRJNA989260,2026-01-22,jurisdiction CI site S0153,AMPLICON,NextSeq 2000,1.65
SRR40033254,SRX34683562,SAMN62227288,PRJNA989260,2026-01-22,jurisdiction CI site S0108,AMPLICON,NextSeq 2000,1.51
SRR40033141,SRX34683454,SAMN62227172,PRJNA989260,2026-01-26,jurisdiction CI site S0108,AMPLICON,NextSeq 2000,2.5
SRR40033132,SRX34683463,SAMN62227163,PRJNA989260,2026-01-27,jurisdiction CI site S0153,AMPLICON,NextSeq 2000,2.85
SRR40033129,SRX34683466,SAMN62227160,PRJNA989260,2026-01-28,jurisdiction CI site S0095,AMPLICON,NextSeq 2000,0.92
SRR40033130,SRX34683465,SAMN62227161,PRJNA989260,2026-01-28,jurisdiction CI site S0094,AMPLICON,NextSeq 2000,0.55
SRR40033131,SRX34683464,SAMN62227162,PRJNA989260,2026-01-28,jurisdiction CI site S0155,AMPLICON,NextSeq 2000,0.46
